{"cameraMode":{"drawMode":0,"name":"Shaded","section":"Shading Mode"},"sceneLighting":false,"audioPlay":false,"sceneViewState":{"showFog":true,"showMaterialUpdate":true,"showSkybox":false,"showFlares":true,"showImageEffects":true,"showParticleSystems":true},"in2DMode":false,"pivot":{"x":-0.018083810806274415,"y":0.04659891128540039,"z":-1.3955657482147217},"rotation":{"x":0.14769940078258515,"y":-0.7234329581260681,"z":0.16329331696033479,"w":0.6543453931808472},"size":1.6732051372528077,"orthographic":false}