{"cameraMode":{"drawMode":0,"name":"Shaded","section":"Shading Mode"},"sceneLighting":false,"audioPlay":false,"sceneViewState":{"showFog":true,"showMaterialUpdate":true,"showSkybox":false,"showFlares":true,"showImageEffects":true,"showParticleSystems":true},"in2DMode":false,"pivot":{"x":14.039533615112305,"y":-13.119406700134278,"z":-10.499670028686524},"rotation":{"x":0.32544904947280886,"y":0.008509918116033078,"z":-0.002928975038230419,"w":0.9455175399780273},"size":18.896451950073243,"orthographic":false}