{"cameraMode":{"drawMode":0,"name":"Shaded","section":"Shading Mode"},"sceneLighting":false,"audioPlay":false,"sceneViewState":{"showFog":true,"showMaterialUpdate":true,"showSkybox":false,"showFlares":true,"showImageEffects":true,"showParticleSystems":true},"in2DMode":false,"pivot":{"x":2.255000114440918,"y":1.4700000286102296,"z":-10.168288230895996},"rotation":{"x":0.31408658623695376,"y":0.005696354899555445,"z":-0.0018843876896426082,"w":0.9493759870529175},"size":3.836042642593384,"orthographic":false}