{"cameraMode":{"drawMode":0,"name":"Shaded","section":"Shading Mode"},"sceneLighting":false,"audioPlay":false,"sceneViewState":{"showFog":true,"showMaterialUpdate":true,"showSkybox":false,"showFlares":true,"showImageEffects":true,"showParticleSystems":true},"in2DMode":false,"pivot":{"x":1.7050001621246338,"y":1.5099999904632569,"z":-10.220000267028809},"rotation":{"x":0.31408658623695376,"y":0.005696354899555445,"z":-0.0018843876896426082,"w":0.9493759870529175},"size":2.908474922180176,"orthographic":false}