{"cameraMode":{"drawMode":0,"name":"Shaded","section":"Shading Mode"},"sceneLighting":true,"audioPlay":false,"sceneViewState":{"showFog":true,"showMaterialUpdate":true,"showSkybox":true,"showFlares":true,"showImageEffects":true,"showParticleSystems":true},"in2DMode":false,"pivot":{"x":10.177726745605469,"y":4.706584930419922,"z":-20.57868766784668},"rotation":{"x":-0.28307396173477175,"y":0.27437007427215578,"z":-0.08486803621053696,"w":-0.9150960445404053},"size":21.98880386352539,"orthographic":false}