{"cameraMode":{"drawMode":0,"name":"Shaded","section":"Shading Mode"},"sceneLighting":false,"audioPlay":false,"sceneViewState":{"showFog":true,"showMaterialUpdate":true,"showSkybox":false,"showFlares":true,"showImageEffects":true,"showParticleSystems":true},"in2DMode":false,"pivot":{"x":0.5809047222137451,"y":2.4830546379089357,"z":-0.6076579093933106},"rotation":{"x":0.029476040974259378,"y":0.35209983587265017,"z":-0.011094504967331887,"w":0.9354352951049805},"size":2.8732049465179445,"orthographic":false}