{"cameraMode":{"drawMode":0,"name":"Shaded","section":"Shading Mode"},"sceneLighting":false,"audioPlay":false,"sceneViewState":{"showFog":true,"showMaterialUpdate":true,"showSkybox":false,"showFlares":true,"showImageEffects":true,"showParticleSystems":true},"in2DMode":false,"pivot":{"x":3.8000001907348635,"y":1.4707446098327637,"z":-10.164482116699219},"rotation":{"x":0.31408658623695376,"y":0.005696354899555445,"z":-0.0018843876896426082,"w":0.9493759870529175},"size":2.6468093395233156,"orthographic":false}